{"final_loss": -1.4769861698150635, "min_loss": -1.476986289024353, "use_rois": true, "architecture": "single", "model_path": "..\\models\\task_2\\0410-211143_-1.477_joint.pt", "seed": 42, "tf_model_hyperparams": {"n_hidden_layers": 4, "n_neurons": 32, "hidden_layer_activation": "tanh", "output_activation": "relu"}, "ts_model_hyperparams": {"n_hidden_layers": 4, "n_neurons": 32, "hidden_layer_activation": "tanh", "output_activation": "relu"}, "lambda": 5, "rois": [[[0.0, 1.5], [0.0, 0.20000000298023224]], [[3.700000047683716, 5.5], [0.0, 0.20000000298023224]], [[0.0, 8.0], [0.25, 0.699999988079071]], [[0.0, 0.20000000298023224], [0.0, 1.0]], [[1.899999976158142, 4.099999904632568], [0.5, 1.0]], [[5.900000095367432, 8.0], [0.5, 1.0]], [[3.799999952316284, 4.199999809265137], [0.0, 0.05000000074505806]], [[0.800000011920929, 1.2000000476837158], [0.0, 1.0]], [[1.7999999523162842, 2.200000047683716], [0.0, 1.0]], [[2.799999952316284, 3.200000047683716], [0.0, 1.0]], [[3.799999952316284, 4.199999809265137], [0.0, 1.0]], [[4.800000190734863, 5.199999809265137], [0.0, 1.0]], [[5.800000190734863, 6.199999809265137], [0.0, 1.0]], [[6.800000190734863, 7.199999809265137], [0.0, 1.0]]], "n_int": 2048, "n_sb": 512, "n_tb": 512, "n_roi": 512}