{"reduced_set": false, "n_hidden_layers": 6, "neurons": 157.84842217039164, "lr": 0.0025080529960636463, "rsme": 52148.37859787778}