{"reduced_set": false, "n_hidden_layers": 9, "neurons": 454.8829934181254, "lr": 0.0004135584897011736, "rsme": 52429.05660643558}